INPUT_kt_mu,INPUT_kt_cov,Gb.postprandial_mu,Gb.postprandial_sigma2,Gb.postprandial_sigma,G.postprandial_mu,G.postprandial_sigma2,G.postprandial_sigma,G.exocytosis_mu,G.exocytosis_sigma2,G.exocytosis_sigma,S.postprandial_mu,S.postprandial_sigma2,S.postprandial_sigma,Spa.pancreas_mu,Spa.pancreas_sigma2,Spa.pancreas_sigma,Sis.pancreas_mu,Sis.pancreas_sigma2,Sis.pancreas_sigma,Scell.pancreas_mu,Scell.pancreas_sigma2,Scell.pancreas_sigma,S.exocytosis_mu,S.exocytosis_sigma2,S.exocytosis_sigma
10,0.001,5.06779759120124,0.0911480838313826,0.301907409368142,5.10055706805095,0.0203183279161895,0.14254237235359,2.55055090005908,0.00527983519421624,0.0726624744570142,-2278.5182076056,90.2992462226166,9.50259155297209,31.9611753609024,22.5097541361462,4.74444455507135,9.98786803504883e-06,2.19820873511984e-12,1.48263573918877e-06,8.76194747748701e-09,1.68400975188304e-18,1.29769401319535e-09,9.3196643930784e-09,3.47295049803336e-23,5.89317444000545e-12
10,0.004,5.0635521089153,0.0911525492589712,0.301914804636956,5.09911330897862,0.0203191619022063,0.142545297720431,2.55055090864308,0.00528008434265954,0.0726641888598472,-1025.0559187092,64.6302057337315,8.03929137012284,27.8615658436723,19.6230926526161,4.42979600575648,8.706745657478e-06,1.91631066321006e-12,1.38430873117598e-06,7.64318347224868e-09,1.46903523118633e-18,1.21203763604367e-09,9.31966409623199e-09,1.38762833466904e-22,1.17797637271256e-11
10,0.009,5.07082254185662,0.0911599036386356,0.301926983952471,5.10218671783949,0.020321205122157,0.14255246445487,2.55055088443786,0.00528049779634073,0.0726670337659432,100.381518449758,69.4186682265702,8.33178661672094,31.8194531407319,22.411062711281,4.73403239440553,9.94358003440516e-06,2.1885709857208e-12,1.47938196072576e-06,8.72327212226963e-09,1.67666073914636e-18,1.29485935110589e-09,9.31966360375784e-09,3.11636337085577e-22,1.76532245520635e-11
10,0.016,5.06958035132559,0.091170280215394,0.301944167380981,5.10120569798715,0.0203233458912674,0.142559972963197,2.55055094358435,0.00528107813203701,0.072671026771589,323.41364042722,104.492956318254,10.2221796265891,37.9390546262518,26.7220680286279,5.1693392255324,1.18559471444115e-05,2.60956392113602e-12,1.61541447348228e-06,1.03932827414314e-08,1.9977098580687e-18,1.41340364300815e-09,9.3196629133522e-09,5.52583593397755e-22,2.35070966603227e-11
10,0.025,5.07002591032998,0.0911835180006112,0.301966087500917,5.10087711190007,0.0203261732216746,0.142569888902512,2.55055087228472,0.00528182164994901,0.072676142233535,104.857157555947,95.1223763340724,9.75307009787546,35.134270065921,24.7477871493256,4.97471478070106,1.0979455797969e-05,2.41676473948617e-12,1.55459471872452e-06,9.62787027196078e-09,1.85068231295169e-18,1.36039785098025e-09,9.31966202740455e-09,8.60544738523872e-22,2.93350428416914e-11
10,0.035,5.07055159824406,0.0911982586106941,0.301990494238965,5.10123692949741,0.0203296785547328,0.142582181757514,2.55055088909516,0.00528264789329114,0.0726818264306225,-67.5857122176593,76.6660550174259,8.7559154300065,30.2086608154549,21.2788755291088,4.61290315626816,9.44020963134844e-06,2.07800679910768e-12,1.44152932648201e-06,8.28369413022543e-09,1.59234614257473e-18,1.2618819844085e-09,9.31966105081376e-09,1.20033705609449e-21,3.46458807954783e-11
10,0.048,5.07059770609269,0.0912174305270843,0.302022235153447,5.10101320165109,0.0203338046559139,0.142596650226833,2.55055098463131,0.00528371998175819,0.0726892012733541,6.70214353370517,79.1255412633536,8.89525386165868,26.963444848867,18.9945211975699,4.35827043648852,8.42608407150537e-06,1.85492727181184e-12,1.3619571475681e-06,7.39808907084252e-09,1.42222699207225e-18,1.19257158781863e-09,9.31965978312104e-09,1.63835961228866e-21,4.04766551519349e-11
10,0.063,5.0713114535602,0.0912394278063438,0.302058649613521,5.10117348796814,0.0203388899041465,0.142614479994657,2.55055095187285,0.00528495360850278,0.0726976864040581,76.8912143572679,144.222922855092,12.0092848602692,29.724812706801,20.9410915133614,4.57614373827586,9.28900775736927e-06,2.04502036961489e-12,1.4300420866586e-06,8.1516537268507e-09,1.56719277060701e-18,1.25187570094119e-09,9.31965831799583e-09,2.13864180782828e-21,4.62454517528836e-11
10,0.079,5.07073566249469,0.0912628244680736,0.302097375804679,5.10115519765019,0.020344127854051,0.142632842830994,2.55055088492052,0.005286265167428,0.072706706481782,44.1877127947509,75.5399571030028,8.69137256726478,35.1312623084348,24.7515808182813,4.97509606121141,1.09785158796563e-05,2.41713521701915e-12,1.55471386982273e-06,9.62705026850091e-09,1.85096883697855e-18,1.36050315581352e-09,9.31965679656274e-09,2.66632583429714e-21,5.16364777487499e-11
10,0.098,5.07073910231171,0.0912907530772505,0.302143596783467,5.10115348443859,0.0203503682773601,0.14265471698251,2.55055101401574,0.0052878238403187,0.0727174245990512,47.7135912969214,89.8788892311893,9.48044773368797,28.730645966863,20.2445076316818,4.4993896954678,8.97833200723453e-06,1.97699519755776e-12,1.40605661250099e-06,7.88034924044181e-09,1.51531945378861e-18,1.23098312490002e-09,9.31965498606208e-09,3.28513043575943e-21,5.73160573989473e-11
10,0.119,5.07095455995874,0.0913213061720575,0.302194153107001,5.10108769123516,0.0203571234939829,0.142678391825752,2.55055090960151,0.00528953665075948,0.0727292008120499,-17.6852629015075,113.743164046685,10.6650440246014,27.3863853106354,19.2988423490702,4.39304476975482,8.55825238583872e-06,1.884645880021e-12,1.37282405282724e-06,7.51350555817264e-09,1.44489468245661e-18,1.2020377208959e-09,9.31965299046288e-09,3.95941081854665e-21,6.29238493621191e-11
10,0.141,5.07087719080546,0.0913533022577308,0.302247088088092,5.10116746855355,0.0203644245732373,0.142703975323876,2.55055101544804,0.00529132635217794,0.0727415036425419,6.89093800999529,83.0233891522805,9.11171713522103,25.7975392854335,18.1810154397155,4.26392019621797,8.06174017040234e-06,1.77548405080996e-12,1.33247290809606e-06,7.07991516492438e-09,1.36164887063707e-18,1.16689711227557e-09,9.3196509297971e-09,4.65518075483164e-21,6.82288850475489e-11
10,0.166,5.07094045863177,0.091389502694469,0.302306967657825,5.10108521387927,0.0203723786818012,0.142731841863689,2.55055104388628,0.00529335304495929,0.0727554330958128,13.1966635710172,86.0759729557455,9.27771377849874,34.3682698079605,24.223323711938,4.92171958891788,1.07400817649483e-05,2.36554806738202e-12,1.53803383167667e-06,9.41883375534755e-09,1.81163468519575e-18,1.34596979356736e-09,9.31964861944469e-09,5.43298312161424e-21,7.37087723518323e-11
10,0.192,5.0709240754258,0.0914270300696849,0.302369029613955,5.10109148162489,0.020380790254509,0.142761305172337,2.55055102124271,0.00529545286983739,0.0727698623733575,76.0513920937484,92.5776823685108,9.62172969733149,41.7791591127044,29.4503620876628,5.42681878153885,1.30559745629913e-05,2.87599657967808e-12,1.69587634563316e-06,1.14412382839071e-08,2.20090668024878e-18,1.48354530778429e-09,9.31964624890079e-09,6.22780343333985e-21,7.89164332274327e-11
10,0.221,5.07085870055474,0.0914687768286617,0.302438054531274,5.10107952969552,0.0203900971696231,0.142793897522349,2.55055098602694,0.00529778712754694,0.0727858992356826,27.5298429815491,79.8505731739167,8.93591479222562,32.5249852938519,22.929569364566,4.7884829919888,1.01640578691361e-05,2.23920597711951e-12,1.49639766677161e-06,8.91580846484131e-09,1.71528938647577e-18,1.30969056898024e-09,9.31964357806951e-09,7.09788940914795e-21,8.42489727483246e-11
10,0.251,5.07083967505671,0.0915119723826307,0.302509458335819,5.10107000568827,0.0203997039477095,0.142827532176781,2.55055105069017,0.00530019477337724,0.0728024365895623,51.0608729860222,110.85427642727,10.528735746863,25.3457969710589,17.8707895774862,4.22738566699163,7.92057130859903e-06,1.74518882783759e-12,1.32105595181945e-06,6.95663235557332e-09,1.3385510985643e-18,1.15695769091367e-09,9.31964089145776e-09,7.98030496737956e-21,8.93325526747085e-11
10,0.283,5.0708848186204,0.0915576129415812,0.3025848855141,5.10111767648211,0.0204100295490331,0.14286367470086,2.55055105634312,0.00530274762646717,0.0728199672237442,36.7295460567847,91.824043482554,9.58248628919207,30.703171647493,21.6510760197528,4.65307167575923,9.5947435884461e-06,2.11435420602509e-12,1.45408191173162e-06,8.41864141175171e-09,1.62008062795965e-18,1.27282387939559e-09,9.31963805164427e-09,8.90239792308318e-21,9.43525194315614e-11
10,0.318,5.07086915847502,0.0916073241509546,0.302667018604529,5.1011379850102,0.0204212018477532,0.142902770609086,2.55055109985376,0.0053055270810602,0.0728390491498907,11.6653774760218,86.0693932201851,9.27735917274874,39.060793434688,27.5489699702852,5.24871126756704,1.22064890025315e-05,2.69031538975949e-12,1.64021809213272e-06,1.06994104215529e-08,2.05931545627257e-18,1.43503151751889e-09,9.31963502393735e-09,9.88909509062365e-21,9.94439293804486e-11
10,0.354,5.07094513874516,0.0916585135024487,0.302751570602778,5.10105554957122,0.020432383733576,0.142941889359194,2.55055121675974,0.00530837776275083,0.0728586148835594,12.0695172033441,99.6417682031556,9.98207234010832,39.762184500663,28.0467540679122,5.29591862361122,1.24256727554945e-05,2.73892669645597e-12,1.65497030077762e-06,1.08908191109388e-08,2.0963888768689e-18,1.44789118267531e-09,9.31963183929188e-09,1.08810491990689e-20,1.04312267730449e-10
10,0.392,5.0708830761751,0.0917121052243648,0.302840065421279,5.10111751998299,0.0204445162996234,0.142984321866502,2.55055120653606,0.00531136855391989,0.0728791366161805,49.4257196720369,83.1559198632205,9.1189867783225,26.9762186317416,19.0305833466926,4.36240568341512,8.43007585038301e-06,1.85844895850834e-12,1.36324941170291e-06,7.40156512410313e-09,1.42493086382806e-18,1.19370468032427e-09,9.31962865203316e-09,1.19038456241704e-20,1.09104746112029e-10
10,0.432,5.07081042738915,0.0917683103915654,0.302932847990384,5.10104046909802,0.0204568274278493,0.143027366010317,2.5505512568734,0.00531450169541931,0.0729006289096282,19.6544731600481,67.3123376273394,8.20440964526634,29.7853224978352,21.0148007751897,4.58419030747958,9.30791697873493e-06,2.05221850329934e-12,1.43255663179483e-06,8.16816141204387e-09,1.57270287577095e-18,1.2540745096568e-09,9.31962534857376e-09,1.2954609912301e-20,1.13818319756975e-10
10,0.474,5.07086971044993,0.0918270412499514,0.303029769577102,5.10110114888589,0.0204700977313163,0.143073749273989,2.55055125796877,0.00531777516919709,0.0729230770689025,24.1078517398008,82.852193849722,9.10231804815246,30.2562373992969,21.3508624644094,4.62069934797855,9.4550772433653e-06,2.0850367446263e-12,1.44396563138681e-06,8.29667246261693e-09,1.59773292003561e-18,1.2640146043601e-09,9.31962184946271e-09,1.403052842303e-20,1.18450531543889e-10
10,0.519,5.07084033180844,0.091889670128176,0.303133089794196,5.10114936374957,0.0204841964069934,0.143123011451665,2.55055120484363,0.00532126370203322,0.0729469924125266,39.9693416708172,90.0601368509322,9.4900019415663,31.3435282959353,22.1217500761769,4.70337645486483,9.79485416669133e-06,2.16031808455867e-12,1.46980205625066e-06,8.59339134879283e-09,1.65514578474538e-18,1.28652469262948e-09,9.31961815253666e-09,1.5153492284573e-20,1.23099521869799e-10
10,0.565,5.070861248438,0.0919533706258486,0.303238141772846,5.10111555752065,0.0204982821792957,0.143172211616975,2.55055130475019,0.00532481054210678,0.0729712994409911,28.8034222826216,88.411385694653,9.40273288436149,38.1474858897108,26.9274371323664,5.1891653598981,1.19210816455152e-05,2.62961937204316e-12,1.62161011714998e-06,1.0450177684901e-08,2.01304325202794e-18,1.41881755417247e-09,9.31961449866167e-09,1.6270936796397e-20,1.2755758227717e-10
10,0.613,5.07084219384989,0.0920195152733628,0.30334718603172,5.10110746878165,0.0205129781497521,0.143223525126817,2.55055137098186,0.00532849088060946,0.0729965127975951,27.5828225129702,69.6173404872841,8.34370064703211,27.3312686458533,19.2976876751021,4.3929133470969,8.54102848993732e-06,1.88453315213521e-12,1.37278299528192e-06,7.4984523593439e-09,1.44483407224608e-18,1.20201250918869e-09,9.31961087736844e-09,1.74055957341651e-20,1.3193026845332e-10
10,0.663,5.07088379517838,0.0920881172209981,0.303460239934325,5.1011437548581,0.0205283526352758,0.14327718811896,2.55055134875487,0.00533230510278779,0.073022634181381,35.4896400000631,93.6810136541717,9.67889527033802,29.1576572823675,20.5893601136051,4.53755001224285,9.1117724511808e-06,2.01067194109467e-12,1.41798164342655e-06,7.99686989152679e-09,1.54103075888627e-18,1.24138259971947e-09,9.31960688339955e-09,1.85550231610699e-20,1.36216824074965e-10
10,0.715,5.07087292862032,0.0921590733578035,0.303577129174455,5.10109891939789,0.02054397531939,0.143331696841243,2.55055141332571,0.0053362469429005,0.0730496197313888,28.4177262710942,81.8231061466852,9.04561253573716,25.7276770623826,18.1693283757139,4.26254951592517,8.03990830154244e-06,1.77434277785978e-12,1.33204458553751e-06,7.06083236500351e-09,1.36080361850483e-18,1.16653487667743e-09,9.31960290589117e-09,1.97168871914625e-20,1.40416833718264e-10
10,0.769,5.07086723846904,0.0922323097609605,0.303697727619027,5.10114402164303,0.0205604029411391,0.143388991701383,2.55055147528562,0.00534031663893976,0.0730774701186334,33.9486847482925,88.7169638671439,9.41896830163176,36.6116954744161,25.8621593606608,5.08548516472724,1.14411492369235e-05,2.52558926258062e-12,1.5892102638042e-06,1.0031066706902e-08,1.93372093752305e-18,1.3905829488107e-09,9.31959890821278e-09,2.08889730706495e-20,1.44530180483695e-10
10,0.824,5.0708954067976,0.0923065742186672,0.303819970078774,5.10109930618566,0.0205767417212598,0.143445954007981,2.55055150241566,0.00534443877159043,0.0731056685325456,39.3725186019773,113.760234006186,10.6658442706701,33.8184197697317,23.8919386844086,4.88793808107352,1.05682543815572e-05,2.33318657853813e-12,1.52747719411392e-06,9.26878532622821e-09,1.78699329043929e-18,1.33678468364927e-09,9.31959485356476e-09,2.20484165406842e-20,1.48487092168593e-10
10,0.882,5.07085462501325,0.0923844589468914,0.30394811884085,5.10113843308214,0.0205941559315962,0.143506640722986,2.55055158071465,0.00534875886144376,0.0731352094510145,25.7041942622945,84.3880620575082,9.18629751627435,47.4276420726556,33.5133336747616,5.78907019086498,1.48211178312695e-05,3.27276775399042e-12,1.80907925586206e-06,1.29827316603079e-08,2.50354026612262e-18,1.58225796446806e-09,9.31959066151206e-09,2.32354041720737e-20,1.52431637700556e-10
10,0.942,5.07086540342103,0.0924646934918751,0.304080077433355,5.10118841540817,0.0206121095212545,0.143569180262529,2.55055163158344,0.00535320387373126,0.0731655921436522,50.2477148235429,98.5070302101459,9.92507079119065,35.1956154370778,24.8714291632308,4.98712634321919,1.09986261539494e-05,2.42883911774778e-12,1.55847332917435e-06,9.64462172081577e-09,1.85994402681686e-18,1.36379764877963e-09,9.31958652034412e-09,2.44266926481871e-20,1.56290411248378e-10
10,1,5.07087920461584,0.0925417225919152,0.304206710300603,5.10111935277606,0.020628946426769,0.143627805200696,2.55055161376193,0.00535747255539866,0.0731947577043511,42.3593046502873,101.772789959492,10.0882500940199,35.8278023304904,25.3255358348893,5.03244829430858,1.11961836999237e-05,2.47318509273769e-12,1.57263635107983e-06,9.81714577492393e-09,1.89376810379922e-18,1.37614247220236e-09,9.3195823129266e-09,2.55446340636254e-20,1.59826887799348e-10
10,1.068,5.07088818728336,0.0926316250826165,0.304354439893057,5.10112789085597,0.0206488788181761,0.143697177488551,2.55055185894155,0.00536244825501117,0.0732287392695734,39.0109581161126,91.1518916389946,9.54734997991561,44.9853263744538,31.8012242162593,5.63925741709485,1.40578975073872e-05,3.10557103227562e-12,1.76226304287289e-06,1.23162332152698e-08,2.37604165650821e-18,1.54144142169212e-09,9.31957781322124e-09,2.68153973409122e-20,1.63754075799389e-10
10,1.133,5.07085822616423,0.0927170455827313,0.304494738185623,5.10112546458232,0.0206677692500685,0.143762892465575,2.55055190181191,0.00536717305985639,0.0732609927577861,27.0418837128973,63.441770092926,7.96503421793817,36.6135243118012,25.8881920789956,5.08804403272963,1.14417207506806e-05,2.52813151894883e-12,1.59000991158823e-06,1.00315706848932e-08,1.93567626292504e-18,1.39128583077851e-09,9.31957352956099e-09,2.79919122651353e-20,1.673078368312e-10
10,1.201,5.07087011093821,0.0928058927079522,0.304640595961786,5.10109128498073,0.0206873001487724,0.143830803893924,2.55055190764778,0.00537208658263332,0.0732945194583696,39.4520350454456,101.702285355367,10.0847550964496,23.2873592096601,16.4691073869809,4.05821480296212,7.27731227852552e-06,1.60830703874733e-12,1.26819045838838e-06,6.39485793992743e-09,1.23419767463096e-18,1.11094449664731e-09,9.31956892257029e-09,2.91849287366582e-20,1.70835970265803e-10
10,1.27,5.07086989349924,0.09289556006203,0.304787729513558,5.10111415119166,0.0207071959480277,0.143899951174515,2.55055189638317,0.00537703998217324,0.0733283027362098,55.6006379230883,146.095236485174,12.0869862449319,28.2035435260051,19.9459726906632,4.46609143330756,8.81361319147188e-06,1.94784171135678e-12,1.39565099912435e-06,7.73648490685751e-09,1.49313569809365e-18,1.22193931849894e-09,9.31956466055055e-09,3.03580757599421e-20,1.74235690258747e-10
10,1.342,5.07086799456779,0.0929885435921928,0.304940229540467,5.10105716140742,0.020727532975276,0.143970597606859,2.55055216937641,0.00538217631577193,0.0733633172353318,44.8717216322815,104.883381697476,10.2412587945758,29.2173950001738,20.6679491504216,4.54620161788075,9.13044039810771e-06,2.01834661557136e-12,1.42068526267128e-06,8.01316472839122e-09,1.54690779569809e-18,1.2437474806801e-09,9.31956016565576e-09,3.15442048005802e-20,1.77606882751148e-10
10,1.416,5.07089538436391,0.0930836659002919,0.305096158448926,5.10109058026556,0.0207486465963192,0.144043905099519,2.55055218517544,0.00538742454408501,0.0733990772699835,36.9453327044858,92.2435877681065,9.60435254288942,35.2085244313214,24.9126997364701,4.99126233897499,1.10026602014999e-05,2.43286943927067e-12,1.55976582834433e-06,9.64814829430234e-09,1.86303896505902e-18,1.3649318536319e-09,9.31955558880798e-09,3.2725005302762e-20,1.80900539807824e-10
10,1.491,5.07087158325568,0.0931796437249372,0.30525340903082,5.10113066944094,0.0207699400913613,0.144117799356503,2.55055224887124,0.00539271079797587,0.0734350787973695,36.5351893847273,95.6380552798626,9.77947111452673,30.2000743458394,21.3701464938946,4.62278557732181,9.43752635700953e-06,2.0869199845443e-12,1.44461759110995e-06,8.28133758936694e-09,1.59920862213307e-18,1.2645982058081e-09,9.31955085802932e-09,3.38843273983078e-20,1.84076960530936e-10
10,1.568,5.07088410687473,0.0932773239552895,0.305413365711603,5.10112756814393,0.020791482618729,0.144192519288377,2.55055226700513,0.0053980993641912,0.0734717589566985,41.2865368865638,110.406906944173,10.5074691026989,35.9278068289397,25.425367478824,5.04235733351218,1.12274349750397e-05,2.48293421638002e-12,1.57573291403715e-06,9.84444238394371e-09,1.9012224149087e-18,1.37884822040307e-09,9.31954637436208e-09,3.5037497640855e-20,1.87183059171644e-10
10,1.648,5.07088483569722,0.0933783832894083,0.30557876773331,5.10115836531176,0.0208138614171521,0.144270098832544,2.55055244812415,0.0054036652734052,0.0735096270797588,31.1148261188902,78.536062315576,8.86205745386341,33.1204931898046,23.4470125373369,4.84221153372474,1.03501532769046e-05,2.28973717864019e-12,1.51318775392884e-06,9.07832312894463e-09,1.75388987605219e-18,1.32434507438665e-09,9.31954200669021e-09,3.61979998784965e-20,1.90257719629182e-10
10,1.729,5.07089497331938,0.0934802983389271,0.305745479670472,5.1011569716973,0.0208362702152988,0.144347740596446,2.55055247468697,0.0054092686910802,0.0735477306997313,32.0836057911845,80.9906843880913,8.99948245112414,41.6881589200065,29.5133419817976,5.43261833573808,1.30275371818091e-05,2.88214701457066e-12,1.69768872723201e-06,1.14164531634358e-08,2.20568196219146e-18,1.48515385135395e-09,9.31953733289974e-09,3.73361198546098e-20,1.93225567290175e-10
10,1.813,5.07088132903739,0.0935851886974274,0.30591696372942,5.10109505782871,0.0208591160055794,0.144426853478082,2.55055270709503,0.00541503879096638,0.0735869471507439,23.4980198031796,63.9248134878901,7.99529946205207,32.4104759351113,22.9469317215869,4.79029557768483,1.01282738496013e-05,2.24090158838371e-12,1.49696412394677e-06,8.88455832604986e-09,1.71664804084243e-18,1.31020915919651e-09,9.31953222814563e-09,3.84793615199611e-20,1.96161569936522e-10
10,1.898,5.07088637459619,0.0936908957751815,0.306089685836001,5.10104111990555,0.0208821340623628,0.144506519099876,2.55055269555108,0.00542084480760898,0.0736263866260526,42.7631757815278,115.132294339788,10.729971777213,33.759024030483,23.9072703702842,4.88950614789308,1.0549693298391e-05,2.33468384896557e-12,1.5279672277132e-06,9.25257978553744e-09,1.78817317636548e-18,1.33722592570047e-09,9.31952804689641e-09,3.95999675939563e-20,1.98997405998059e-10
10,1.985,5.07089330652673,0.093798321828491,0.306265116897911,5.10108043614741,0.0209058936521504,0.14458870513339,2.55055287678083,0.00542674773614042,0.0736664627638685,30.3422408962724,78.637971467638,8.86780533546142,32.5137290028595,23.0335935088281,4.79933261077289,1.01605402933638e-05,2.24936459151182e-12,1.49978818221501e-06,8.91273624533268e-09,1.72311120981729e-18,1.31267330658366e-09,9.31952342352163e-09,4.07112749106061e-20,2.01770351911786e-10
10,2.074,5.07088512942426,0.0939077647644365,0.306443738334521,5.1011165968191,0.0209300444782296,0.14467219663166,2.55055305639278,0.00543275120977016,0.0737071991719273,31.5039787076795,81.9130341861168,9.05058198052019,33.1694965349654,23.4962021542447,4.84728812370842,1.03654667574481e-05,2.29454082287943e-12,1.5147741821405e-06,9.09169676027708e-09,1.75756290700827e-18,1.32573108397151e-09,9.31951855641292e-09,4.18128673771204e-20,2.04481948780621e-10
10,2.165,5.07088494403464,0.0940190032182586,0.306625183600856,5.10112243848001,0.0209544663157377,0.144756576070788,2.55055325951632,0.00543885131413865,0.0737485682175502,44.9128103804197,109.11859176342,10.445984480336,28.2694833047349,20.0308709759759,4.47558610418523,8.83421927192083e-06,1.95613251972803e-12,1.39861807500405e-06,7.75447059368458e-09,1.49948398721659e-18,1.22453419193446e-09,9.31951389794391e-09,4.29043902091275e-20,2.07133749565655e-10
10,2.259,5.07088552576033,0.0941333935544356,0.306811658113631,5.10109059775309,0.0209794012253784,0.144842677500032,2.55055326468294,0.0054451154768077,0.0737910257199864,33.829369378234,84.3400526880936,9.18368404770621,39.0831687920286,27.6970555162277,5.2627992091878,1.22134813127854e-05,2.70477685481466e-12,1.64462058080721e-06,1.07055545122126e-08,2.07043211453156e-18,1.43889961933818e-09,9.31950915551999e-09,4.39969868040474e-20,2.09754587087023e-10
10,2.354,5.07088287483781,0.094248262802304,0.306998799349939,5.10112240416866,0.0210046888525701,0.144929944637297,2.55055339819023,0.00545140685342976,0.0738336431000785,41.3946777328239,102.21416233815,10.1101019944484,27.7666603701734,19.6790732123165,4.43611014429494,8.67708778511267e-06,1.92177757161995e-12,1.38628192357109e-06,7.61724712016158e-09,1.47328662350003e-18,1.21379018924196e-09,9.31950481377913e-09,4.50671738757741e-20,2.12290305656603e-10
10,2.451,5.07089639918731,0.094364749230582,0.307188458817355,5.10111638078841,0.0210301872284953,0.14501788589169,2.55055347377376,0.00545778742087335,0.0738768395430756,33.2997127179294,84.7490981083255,9.20592733559882,33.7542522425516,23.9289264068325,4.89172018893482,1.05482021221501e-05,2.33679869904662e-12,1.52865911800068e-06,9.25127884478791e-09,1.78980272457964e-18,1.33783508870849e-09,9.31950013435701e-09,4.61265539584653e-20,2.1477093369091e-10
10,2.55,5.07088081854058,0.0944833383424165,0.307381421596063,5.10113593662826,0.0210561778525133,0.145107470009346,2.550553803966,0.00546426650556981,0.0739206771179066,31.108091297463,84.9732521850732,9.21809373922142,24.5978859427388,17.4381856297801,4.17590536647804,7.68685007279406e-06,1.70294279795962e-12,1.30496850458531e-06,6.75247631778203e-09,1.3063974542988e-18,1.14297745135186e-09,9.31949542422459e-09,4.71749767301969e-20,2.17198012721564e-10
10,2.651,5.07089155315773,0.0946034792058804,0.307576785869611,5.10110919512094,0.021082341454982,0.145197594522024,2.55055397780383,0.00547083421019725,0.0739650877792844,33.7238874256583,86.5863165604113,9.30517686884088,36.7778975360929,26.0782003094817,5.10668192758093,1.14930871768253e-05,2.54668691157713e-12,1.59583423687334e-06,1.00764426218769e-08,1.94987630923077e-18,1.39637971527474e-09,9.31949085235846e-09,4.82123270020598e-20,2.19573056184177e-10
10,2.754,5.07089327379422,0.094725505559819,0.307775089245083,5.10108395316642,0.0211088845975027,0.145288969290524,2.55055412555198,0.00547749505614661,0.0740101010413214,34.8377234627812,95.2012200833014,9.75711125709353,24.1915024063847,17.1554367117913,4.14191220474207,7.55985576520565e-06,1.67533084305812e-12,1.29434572006791e-06,6.64156991340631e-09,1.28534293559992e-18,1.13372965719343e-09,9.31948599137697e-09,4.92385270469327e-20,2.21897559803917e-10
10,2.859,5.07089738256637,0.0948491476424881,0.307975888086207,5.10109544181105,0.0211359207205024,0.14538198210405,2.55055420709464,0.00548424305652512,0.0740556753836268,47.5377026843078,118.459517427279,10.883910943557,35.6917487931162,25.3155121111077,5.0314522864783,1.11536671691155e-05,2.47220629492352e-12,1.57232512379708e-06,9.78002991512925e-09,1.89307899109535e-18,1.37589207101987e-09,9.31948164012918e-09,5.0253536532713e-20,2.24173005807374e-10
10,2.965,5.07089105594845,0.0949734719493394,0.308177662963005,5.10109472440814,0.0211630197688786,0.145475151723167,2.55055446513704,0.00549101905497312,0.0741014106139223,33.7529532422981,86.0796759547511,9.27791334054976,33.768864499283,23.9542834036219,4.89431133088425,1.0552768434206e-05,2.33927495948909e-12,1.52946884881291e-06,9.25526759510899e-09,1.79170114049816e-18,1.33854441110415e-09,9.31947693632648e-09,5.12480962993297e-20,2.26380423842985e-10
10,3.074,5.07089793797533,0.095100533335243,0.308383743629983,5.10113638892602,0.0211908834572482,0.145570888082914,2.55055462393552,0.00549794384835832,0.0741481210035583,41.2217691473179,100.57054834747,10.0284868423641,36.5569642702991,25.9375014009169,5.09288733440245,1.1424045833416e-05,2.53294691644293e-12,1.59152345771055e-06,1.00161518970287e-08,1.93940820373983e-18,1.39262636903795e-09,9.31947259227419e-09,5.22409816388552e-20,2.28562861460158e-10
10,3.185,5.07089746688018,0.0952292654747239,0.308592393740876,5.10110487031367,0.0212188001254031,0.145666743374742,2.55055469209284,0.00550495453016536,0.0741953807872522,30.3316679874286,79.4612118056579,8.91410185075635,31.2740826325141,22.1901322196035,4.71064031948985,9.77315248222504e-06,2.16699606990712e-12,1.47207203285271e-06,8.57443114059826e-09,1.66031697338874e-18,1.28853287633213e-09,9.3194679733707e-09,5.32227065297842e-20,2.30700469288175e-10
10,3.298,5.07089310990947,0.0953598996016263,0.308803982489906,5.10114181138337,0.0212473535156355,0.145764719722008,2.55055498484513,0.00551205635291726,0.0742432242896095,39.2537953804552,101.22634699355,10.0611305027591,25.3635164962545,18.0012128793943,4.24278362391889,7.92610857245297e-06,1.7579254676872e-12,1.32586781682308e-06,6.96141066550255e-09,1.3483431232853e-18,1.16118177874323e-09,9.31946331257638e-09,5.4193338347967e-20,2.32794626974007e-10
10,3.412,5.07090249806754,0.0954905800549761,0.309015501318261,5.10111900908731,0.0212757253353399,0.145862007854478,2.55055505597699,0.00551917231208419,0.0742911321227789,41.9270518876754,106.540882212105,10.3218642798724,41.0315727627063,29.1252560008758,5.39678200420175,1.28223549275836e-05,2.84424838719999e-12,1.68648996059864e-06,1.12372955206455e-08,2.17683017685493e-18,1.47540847796633e-09,9.31945872713307e-09,5.514472859386e-20,2.34829147666681e-10
10,3.529,5.07089923487267,0.0956244605609027,0.30923204969877,5.10111451244294,0.0213047834610122,0.145961582140686,2.55055533162313,0.00552644199185883,0.074340042990698,43.4964637728244,111.426255279183,10.5558635496668,46.308519324189,32.8731045880781,5.73350718043311,1.44713935824211e-05,3.21024605455118e-12,1.79171595253019e-06,1.26774012378651e-08,2.45596014485286e-18,1.56715032618216e-09,9.31945425594529e-09,5.60936705182919e-20,2.36841023723281e-10
10,3.648,5.07090616189756,0.0957597128500658,0.30945066303058,5.10112520906107,0.0213342249363421,0.146062400830406,2.55055556277589,0.00553379210144352,0.0743894623010781,39.4816004427158,102.025998679116,10.1007919827663,37.4079666159224,26.5568605339334,5.153334894409,1.16899829183984e-05,2.59343069539811e-12,1.6104132064157e-06,1.02483979733133e-08,1.98554630383406e-18,1.40909414299899e-09,9.3194501119122e-09,5.70318120964082e-20,2.38813341537713e-10
10,3.768,5.07089935248028,0.0958955996216996,0.309670146481219,5.10109977052903,0.0213636138847166,0.146162970292467,2.55055573957734,0.00554116523676158,0.0744390034643236,36.2452339396714,92.3524622111866,9.61001884551672,39.1059195233497,27.767003151003,5.26944049696009,1.22205909028308e-05,2.71160766489386e-12,1.6466959843559e-06,1.0711778871133e-08,2.07567747275968e-18,1.44072116412569e-09,9.3194456359074e-09,5.79517226416633e-20,2.4073164030028e-10
10,3.891,5.07090435928736,0.0960341226962851,0.309893728068648,5.10109818430597,0.0213936655163587,0.146265735961498,2.55055588825265,0.00554868014807878,0.0744894633359563,36.5489038379254,96.4498189721921,9.82088687299636,33.1132944831908,23.5147001478769,4.84919582486384,1.03479036932675e-05,2.29634730095511e-12,1.51537035108752e-06,9.07636055675281e-09,1.75897933684053e-18,1.32626518345334e-09,9.31944115465303e-09,5.88688733006718e-20,2.42629085850546e-10
10,4.015,5.07090764206875,0.0961733003122217,0.310118203774338,5.10113099374506,0.0214239589219643,0.146369255385017,2.55055614527153,0.00555622072414389,0.0745400612029792,32.7482180091168,82.7659033099965,9.09757678230838,34.5248459691327,24.5207112882949,4.95183918239424,1.0789011621478e-05,2.39458972818926e-12,1.54744619557168e-06,9.46158078553561e-09,1.83390687824864e-18,1.35421817970689e-09,9.3194369031424e-09,5.97684929938341e-20,2.44475955860355e-10
10,4.142,5.07091108186283,0.0963149819400008,0.310346551358318,5.10110027013332,0.0214545370660441,0.146473673627871,2.55055638894773,0.00556389697077829,0.0745915341763278,48.741341491957,124.077150633061,11.1389923526799,28.7880392500366,20.4492100400842,4.5220802779345,8.99626728876732e-06,1.99698563216563e-12,1.41314742053532e-06,7.8959741296489e-09,1.53067389092134e-18,1.23720406195637e-09,9.31943283525181e-09,6.06652446750633e-20,2.46303156039591e-10
10,4.27,5.07090796281088,0.096457268492829,0.310575704930101,5.10115310920012,0.0214855518180536,0.146579506814744,2.55055661325924,0.00557159710671212,0.0746431316780862,38.156053674206,97.7609108864272,9.88741173848987,28.7883209060906,20.4499839221118,4.52216584416271,8.99635530499154e-06,1.99706120629778e-12,1.41317415993139e-06,7.89605040710742e-09,1.5307318675074e-18,1.23722749222097e-09,9.31942847548425e-09,6.15451638070281e-20,2.48082977664789e-10
10,4.401,5.07091288707528,0.0966020671826769,0.310808730866231,5.10105653877968,0.0215165047995804,0.146685053088515,2.55055682887681,0.00557943492204238,0.0746956151460203,29.9308532417865,77.9943558895576,8.83144132571561,38.3022501591054,27.214949048834,5.21679490193299,1.19694453198757e-05,2.65769661427739e-12,1.630244341894e-06,1.04924577553851e-08,2.0345742161253e-18,1.4263850167908e-09,9.31942416513816e-09,6.24221724008135e-20,2.49844296314352e-10
10,4.533,5.07091216812497,0.0967474724421904,0.311042557284675,5.10109493576798,0.0215480976860694,0.146792703109076,2.55055708368647,0.00558729426649419,0.0747482057744143,29.8254035848959,77.0432297427949,8.77742728496197,57.2290520283861,40.6659012838393,6.37698214548538,1.78840452919865e-05,3.97125479310705e-12,1.99280074094402e-06,1.56576983688463e-08,3.03637160584552e-18,1.74251875336982e-09,9.31942020658567e-09,6.32830559523946e-20,2.51561236982955e-10
10,4.667,5.07091303822714,0.096894363870499,0.311278595265558,5.10108000423688,0.0215797782898987,0.146900572803167,2.55055734257907,0.0055952302672336,0.0748012718289843,27.6127141306273,72.9869054886639,8.54323741263602,34.4528430729387,24.4841213801217,4.94814322550608,1.07665108149567e-05,2.3910165381458e-12,1.54629122035463e-06,9.44193219447807e-09,1.83119145582748e-18,1.35321522893717e-09,9.31941542361796e-09,6.41347558124281e-20,2.53248407324564e-10
10,4.803,5.07091638788766,0.0970427142344473,0.311516796071171,5.10113290193981,0.0216120513446033,0.147010378356779,2.55055752094618,0.00560324443398509,0.074854822382964,35.6016577341685,92.824488077425,9.63454659428377,31.2458829521821,22.2088636468038,4.7126281040205,9.7643401169229e-06,2.16882532757775e-12,1.47269322249332e-06,8.56673252451937e-09,1.66173773534396e-18,1.28908406837722e-09,9.31941172434388e-09,6.49774634067448e-20,2.54906773952253e-10
10,4.942,5.07091883589069,0.0971937976314228,0.311759198150468,5.1011203739554,0.021644608963203,0.147121069066273,2.55055778083731,0.0056113973810084,0.0749092609829279,31.6374971081507,81.7443080809793,9.04125589069236,33.1378596533499,23.5569142573799,4.85354656487191,1.03555802768625e-05,2.30046975815168e-12,1.51672995557933e-06,9.08306514965252e-09,1.76213999757277e-18,1.32745621305291e-09,9.31940756812433e-09,6.58173136730639e-20,2.56548852410343e-10
10,5.082,5.07092310878579,0.097345217999176,0.312001951915651,5.10113534283749,0.0216773426823653,0.147232274594823,2.55055805224168,0.00561956569845581,0.0749637625686959,65.8801855432181,172.662421792021,13.1401073736869,34.4795787675879,24.5094890714573,4.95070591647871,1.07748656847239e-05,2.39349383570673e-12,1.54709205792892e-06,9.44922934769212e-09,1.83308496377076e-18,1.35391468112683e-09,9.31940336181886e-09,6.66424078470008e-20,2.58151908470576e-10
10,5.224,5.07092375403381,0.0974982465359032,0.31224709211761,5.10112890571902,0.0217103077629212,0.147344181299844,2.55055834733544,0.00562781415443561,0.0750187586836493,42.4920230056481,110.392617379025,10.506789108906,31.2423564906249,22.2143164210589,4.71320659647537,9.7632381019382e-06,2.16935782721834e-12,1.47287400249252e-06,8.5657695304945e-09,1.66214914503418e-18,1.28924363292365e-09,9.31939980811097e-09,6.74590576431408e-20,2.59728815581061e-10
10,5.368,5.07092766235493,0.0976526507364133,0.312494241125198,5.10119720341197,0.0217438779018095,0.14745805472001,2.55055852485666,0.00563613539236049,0.0750741992455496,31.6576964333584,83.3549591318877,9.1298937086851,37.3049434475524,26.5277615858583,5.15051080824594,1.16577883276331e-05,2.59058906292485e-12,1.60953069648418e-06,1.02202916133694e-08,1.98340830677577e-18,1.40833529628983e-09,9.31939548933235e-09,6.82674327603138e-20,2.61280371938486e-10
10,5.514,5.0709254618058,0.0978087369854373,0.312743884009643,5.1010516883777,0.0217768697574129,0.147569880929046,2.55055880632319,0.00564453652142651,0.0751301305830524,46.7957802394951,121.532023585428,11.0241563661547,52.4747716607646,37.3171725760786,6.10877832107849,1.63983391353536e-05,3.64423336315364e-12,1.90898752304818e-06,1.43602463604618e-08,2.78698566508351e-18,1.66942674744462e-09,9.31939191267851e-09,6.90677357556902e-20,2.62807411911632e-10
10,5.662,5.07092742841845,0.097966313908013,0.31299570908882,5.10110942979671,0.0218110164825738,0.147685532407795,2.55055906167556,0.00565301323432591,0.0751865229567501,38.6527333214066,101.341879244085,10.0668703798194,37.4036551511547,26.6052017864824,5.15802305020852,1.16886356028032e-05,2.59815152290602e-12,1.61187825933165e-06,1.02472320649498e-08,1.98918054356613e-18,1.41038311942753e-09,9.31938771501089e-09,6.98601404616312e-20,2.64310689268579e-10
10,5.812,5.07093268849372,0.0981252198904967,0.313249453136788,5.10114761621292,0.0218453685762235,0.147801788136083,2.55055931105992,0.0056615617443596,0.0752433501670387,37.0686447753381,97.9245703065066,9.89568442840143,40.790268145161,29.020824322125,5.38709794992861,1.27469475870285e-05,2.83405012632586e-12,1.68346372884178e-06,1.11714644558335e-08,2.16909695590341e-18,1.47278544123148e-09,9.31938385764887e-09,7.06448372076585e-20,2.65790965248367e-10
10,5.964,5.07093269236642,0.0982856964831214,0.313505496735099,5.1010762286725,0.0218795639079513,0.147917422597716,2.55055966031244,0.00567018660211394,0.0753006414455677,31.9768201910169,84.2113488018766,9.17667416888475,32.5322352125254,23.1487352028802,4.81131325137745,1.01663234579785e-05,2.26060888612871e-12,1.50353213671298e-06,8.91778618589711e-09,1.731754382071e-18,1.315961390798e-09,9.31938021114973e-09,7.142201654918e-20,2.67248978574624e-10
10,6.118,5.07092839875475,0.0984475493440075,0.313763524559512,5.10114851313023,0.021914656033884,0.148035995737131,2.55056012713377,0.00567888407928571,0.0753583709967626,38.6753248117436,100.743663864318,10.03711431958,34.3347695298928,24.4311714918128,4.94278984904404,1.07296129949504e-05,2.38584572145207e-12,1.54461830930883e-06,9.40971161091552e-09,1.82726841073533e-18,1.35176492436197e-09,9.31937644205617e-09,7.21918572493564e-20,2.68685424333655e-10
10,6.274,5.07093586850246,0.0986110298290339,0.314023931936778,5.1011281791752,0.0219496694164642,0.148154208230695,2.55056027804798,0.00568765920562015,0.0754165711605888,32.482456320752,84.5575919696569,9.19552021201938,47.9761094913534,34.141694745474,5.8430894863483,1.49925132990141e-05,3.33413080929873e-12,1.82596024307725e-06,1.3132539975435e-08,2.55049737053219e-18,1.59702766742852e-09,9.31937277976092e-09,7.29545503688332e-20,2.70101000310686e-10
10,6.432,5.07093965293397,0.0987758541248358,0.314286261431892,5.10115566490584,0.0219851677029454,0.148273961648515,2.5505606525857,0.00569650544595509,0.0754751975549259,33.696611113851,89.2888024336633,9.44927523324743,30.7482859424458,21.8841235518817,4.67804698051246,9.6088417210394e-06,2.13711272662452e-12,1.46188670102184e-06,8.43093223417331e-09,1.63757100000485e-18,1.27967613090377e-09,9.31936969285049e-09,7.37102777593004e-20,2.71496367856552e-10
10,6.592,5.07093975229863,0.0989421106255817,0.314550648744493,5.10108074407551,0.0220205203354269,0.148393127655653,2.55056092468099,0.00570542406761881,0.0755342575764057,22.0586833655093,58.3525683181821,7.63888527981551,34.9529737588341,24.8770559849552,4.98769044598351,1.09228009832374e-05,2.42938875733085e-12,1.5586496583039e-06,9.57842522611201e-09,1.86048096857441e-18,1.3639944899355e-09,9.31936607197216e-09,7.4459212566256e-20,2.72872154252236e-10
10,6.753,5.07094076590622,0.0991087920537219,0.314815488903774,5.10115219136409,0.0220565667509798,0.148514533803867,2.55056125240288,0.00571435993528353,0.075593385526007,39.8795442432499,107.658868783933,10.3758791812517,36.6802081669048,26.1131723289064,5.11010492347333,1.1462559402433e-05,2.5501022061239e-12,1.59690394392521e-06,1.0049801970994e-08,1.95255010675497e-18,1.39733679073979e-09,9.3193621014425e-09,7.51970007301629e-20,2.74220715355647e-10
10,6.917,5.07094245499034,0.0992780779727946,0.315084239486513,5.1010530263331,0.0220924120685218,0.148635164306842,2.55056163232649,0.00572342790131181,0.0756533403182689,35.9604908936772,95.9443606932284,9.79511922812726,47.902764745768,34.0998563869234,5.83950823159993,1.496959317581e-05,3.33004507647619e-12,1.82484110992606e-06,1.31125317252405e-08,2.54738813060674e-18,1.59605392471769e-09,9.31935891053137e-09,7.59329958701224e-20,2.75559423482708e-10
10,7.083,5.07094719168354,0.0994485921037134,0.315354708389955,5.10114439840602,0.0221293357245589,0.148759321471157,2.5505619705846,0.00573256189625468,0.0757136836790727,31.7884089226539,84.1519154076953,9.17343531114137,32.5041393847263,23.1435637592136,4.81077579598277,1.01575435499908e-05,2.26010387915223e-12,1.50336418713239e-06,8.91011851715843e-09,1.73137896318288e-18,1.31581874252607e-09,9.31935540832334e-09,7.66627224316531e-20,2.76880339554207e-10
10,7.25,5.07094801826307,0.099619635735668,0.315625784332757,5.1011130335437,0.0221658218156314,0.148881905601827,2.55056227751125,0.00574171800439404,0.0757741249002194,39.0525186951032,103.474619771243,10.1722475280167,27.3910111358574,19.5040538749035,4.41633942025559,8.55969787653901e-06,1.90468606491272e-12,1.38010364281554e-06,7.51470186910133e-09,1.46031249468099e-18,1.20843390165991e-09,9.31935166261699e-09,7.73820997958243e-20,2.7817638252703e-10
10,7.42,5.07094982968991,0.0997930639290411,0.31590040191339,5.10116410949603,0.0222031546552137,0.149007230211201,2.55056267280705,0.00575099668964366,0.0758353261326386,30.0183532159452,80.1539365927519,8.9528730915138,38.3515782063715,27.3143729356355,5.22631542634344,1.19848602851919e-05,2.66740594829114e-12,1.63321950401382e-06,1.05059355383664e-08,2.0420217440621e-18,1.42899326242712e-09,9.3193486583024e-09,7.80999103340232e-20,2.79463611824551e-10
10,7.591,5.07095417156189,0.0999668790077342,0.316175392792883,5.10108976433118,0.02224001935912,0.149130879964949,2.55056296463794,0.00576029423742817,0.0758966022785485,31.95189984319,84.3096371262032,9.18202794192019,31.8656205470546,22.6935861319734,4.76377855614358,9.95800727452865e-06,2.2161611349597e-12,1.48867764642306e-06,8.73586103348157e-09,1.69786806104717e-18,1.30302266328993e-09,9.3193457088409e-09,7.88078703404595e-20,2.80727395065853e-10
10,7.765,5.07095470758916,0.100143317450797,0.3164542896704,5.10112739279248,0.0222778861811867,0.149257784323588,2.55056336941921,0.00576972062945437,0.0759586771175905,30.342114458429,80.8843724703432,8.99357395423772,30.1885959651159,21.5050807055181,4.63735708195068,9.43393935647163e-06,2.10009715984425e-12,1.44917119756233e-06,8.27818588200055e-09,1.60935304538314e-18,1.26860279259631e-09,9.31934234529691e-09,7.95144199552069e-20,2.81983013593385e-10
10,7.94,5.0709582290454,0.100319821044907,0.316733043815935,5.10109143775607,0.022315470347353,0.149383634804329,2.55056365359793,0.00577915630884397,0.076020762353741,28.9675760314936,78.2106087880932,8.84367620325921,27.3864218614287,19.5070936295655,4.41668355551601,8.55826373165042e-06,1.90498291868413e-12,1.3802111862625e-06,7.51344676268402e-09,1.4605430437035e-18,1.20852928955135e-09,9.31933949844923e-09,8.02115898669398e-20,2.83216507052361e-10
10,8.118,5.07096083656242,0.100498909428213,0.317015629627646,5.1010275853862,0.0223534448738025,0.14951068481484,2.55056403771056,0.00578872039021145,0.0760836407528678,36.6584238713498,97.7683803678323,9.88778945810601,33.809949448398,24.0866816167261,4.90781841725283,1.0565607431836e-05,2.3522044477681e-12,1.53368981471747e-06,9.26648604687451e-09,1.80163055224391e-18,1.34224831988865e-09,9.31933622089317e-09,8.09075093501297e-20,2.84442453494779e-10
10,8.297,5.0709628301059,0.100678493359188,0.317298744654289,5.10116021956908,0.022392351317457,0.149640740834363,2.55056440246616,0.00579830394984463,0.076146595129688,30.4359700026601,81.0232920912204,9.00129391205622,31.2322644205396,22.2506340262447,4.71705777219706,9.76008433918333e-06,2.17290447407372e-12,1.4740774993445e-06,8.56301185428371e-09,1.66488279182014e-18,1.29030337200991e-09,9.31933350930344e-09,8.15945165228526e-20,2.85647538975662e-10
10,8.479,5.07096393805941,0.100860335465791,0.317585162540366,5.1011625952113,0.0224311735962917,0.14977040293827,2.55056476744226,0.00580800735466709,0.0762102837855042,38.1828862994462,102.330398902419,10.1158488967767,33.8784775947987,24.1409998891742,4.91334915197101,1.05870223852567e-05,2.35750892520497e-12,1.53541815972228e-06,9.28518832606672e-09,1.80567969260853e-18,1.34375581584175e-09,9.31933045652328e-09,8.22804233853346e-20,2.86845643831895e-10
10,8.662,5.07096751178593,0.101042702982495,0.317872148799632,5.10113749374568,0.022469950826594,0.149899802623599,2.55056514739348,0.00581773021286845,0.0762740467843974,43.4574007274799,116.489563554084,10.7930331026123,35.299116493595,25.1555611578639,5.01553199151036,1.10309701255536e-05,2.45658632042502e-12,1.56735009504099e-06,9.67289446999402e-09,1.88124517684192e-18,1.37158491419304e-09,9.31932751486e-09,8.29578493988067e-20,2.88024043091556e-10
10,8.847,5.07097263368196,0.101226147651529,0.318160568976624,5.10109769549974,0.0225089213810697,0.150029734989667,2.55056550739858,0.00582751683776152,0.0763381741840969,33.9650432309005,90.899481899696,9.53412197843598,26.4029677934981,18.8188794203051,4.33807323823666,8.25093565895456e-06,1.83777509095255e-12,1.35564563620164e-06,7.24504936708209e-09,1.40929350780552e-18,1.18713668455049e-09,9.31932476055487e-09,8.36307271655992e-20,2.89189777076575e-10
10,9.034,5.07097091513615,0.101411386521388,0.318451545013347,5.10115391938718,0.0225486241193204,0.150161992925375,2.55056598907076,0.00583738209367712,0.0764027623432368,37.5752188373513,101.286911203589,10.0641398640713,26.9266723556514,19.1928663210179,4.38096636839612,8.41459262691812e-06,1.87429693426006e-12,1.3690496463825e-06,7.387972741663e-09,1.43714832383097e-18,1.19881121275661e-09,9.31932214095032e-09,8.4299215035441e-20,2.90343271035237e-10
10,9.224,5.0709718392823,0.101598701744654,0.318745512509046,5.10121101823863,0.0225887924271756,0.150295683328483,2.5505664459824,0.0058473621894218,0.0764680468524063,31.5972395776819,85.4532500461217,9.24409271081385,27.815440044663,19.8282131895996,4.45288818516697,8.6923313301969e-06,1.93634199272801e-12,1.39152506004312e-06,7.63052560762763e-09,1.4844700060996e-18,1.21838828215787e-09,9.31931945782165e-09,8.49669085881742e-20,2.91490837914632e-10
10,9.415,5.07097643782418,0.101786476890283,0.319039929930853,5.10109192199875,0.0226282611704692,0.150426929671748,2.55056685885049,0.00585736142872689,0.0765334007393301,29.6522126413872,80.1454769229139,8.95240062345927,28.7165314406178,20.4753231652663,4.52496664797281,8.97392117547303e-06,1.99953578486149e-12,1.41404942801215e-06,7.87644195718541e-09,1.53266989642862e-18,1.23801045893345e-09,9.3193168828945e-09,8.56269280909734e-20,2.9262079230802e-10
10,9.608,5.07097492453532,0.101975571067362,0.319336141185682,5.10109431246722,0.0226685328495731,0.150560728111859,2.55056726468037,0.00586742767697404,0.0765991362678068,31.6387852639298,85.3257673402699,9.2371947765688,33.8198915980279,24.1117481705713,4.91037149007805,1.0568714341994e-05,2.35465234739057e-12,1.5344876498006e-06,9.2692005378604e-09,1.80350930741386e-18,1.34294799132873e-09,9.31931443246466e-09,8.62829429694247e-20,2.93739583593061e-10
10,9.803,5.07098152205994,0.102166220657606,0.31963451105537,5.10109748353871,0.0227090956402579,0.150695373652471,2.55056766994115,0.00587756569548895,0.0766652835088278,37.8640241725612,103.228739455612,10.1601544995936,39.9062036090895,28.4576446987264,5.33457071363071,1.24706786374919e-05,2.77905264721026e-12,1.66704908362359e-06,1.09302180421257e-08,2.12719575892264e-18,1.45849091835453e-09,9.31931170126682e-09,8.69350814253351e-20,2.9484755624786e-10
10,10,5.07098741343262,0.102358043449206,0.319934436172798,5.1010888321299,0.0227498653305813,0.150830584864547,2.55056797005132,0.00588776871635491,0.0767317972965244,36.0909919323417,97.3155928488967,9.86486659052705,32.5259236618972,23.1966057222146,4.81628546934405,1.01643511070076e-05,2.26528374498568e-12,1.50508595933444e-06,8.9160634716414e-09,1.73535419431432e-18,1.31732843069385e-09,9.3193095840389e-09,8.75834689095483e-20,2.95945043732022e-10
